absentee_count_progress,absentee_max_ballots,absentee_method,absentee_outstanding,absentee_votes,eevp,eevp_display,eevp_source,eevp_value,fips,last_updated,leader_margin_display,leader_margin_name_display,leader_margin_value,leader_party_id,name,precincts,provisional_count_progress,provisional_outstanding,reporting,tot_exp_vote,turnout_stage,votes,bidenj__total_count,democrat__total_count,jorgensenj__total_count,libertarian__total_count,pierceb__total_count,independent__total_count,trumpd__total_count,republican__total_count,westk__total_count,write-ins__total_count,bidenj__absentee_count,jorgensenj__absentee_count,pierceb__absentee_count,trumpd__absentee_count,westk__absentee_count,write-ins__absentee_count
all,904,Merged into voters' home precincts and released with cumulative results,,0,98,98% reported,edison,98%,21001,2020-11-04T10:43:59Z,R+67,Trump +67,67.12298,republican,Adair,16,,,14,8924,4,8766,1391,1391,60,60,10,35,7275,7275,25,10,0,0,0,0,0,0
unknown,661,"As a subtotal in the FIRST cumulative report, along with regular precincts",,6562,100,>98% reported,edison,>98%,21003,2020-11-04T10:43:59Z,R+61,Trump +61,60.6545,republican,Allen,13,,,13,8775,4,15951,3031,4376,152,208,20,78,12706,17841,37,15,1345,56,6,5135,15,5
unknown,690,Released as a precinct as first report of the night,,2508,100,>98% reported,edison,>98%,21005,2020-11-04T10:44:00Z,R+48,Trump +48,47.59822,republican,Anderson,14,,,13,13261,6,13261,3339,4802,183,228,19,63,9651,10629,34,82,1463,45,4,978,6,12
unknown,208,Released as a separate subtotal as first report of the night,,0,95,95% reported,edison,95%,21007,2020-11-06T17:15:36Z,R+60,Trump +60,59.90533,republican,Ballard,13,,,11,4445,2,4225,825,825,32,32,2,12,3356,3356,10,0,0,0,0,0,0,0
all,1384,Merged into voters' home precincts and released with cumulative results,,16056,100,>98% reported,edison,>98%,21009,2020-11-04T10:44:01Z,R+47,Trump +47,47.4675,republican,Barren,25,,,22,20039,4,20079,5115,9546,201,340,51,153,14646,26066,51,45,4431,139,16,11420,35,15
unknown,570,Released as a precinct as first report of the night,,0,100,>98% reported,edison,>98%,21011,2020-11-04T10:44:01Z,R+43,Trump +43,42.88253,republican,Bath,12,,,12,4972,2,5627,1573,1573,44,44,12,24,3986,3986,12,0,0,0,0,0,0,0
all,963,Merged into voters' home precincts and released with cumulative results,,0,100,>98% reported,edison,>98%,21013,2020-11-06T22:01:36Z,R+63,Trump +63,63.23178,republican,Bell,30,,,26,10042,6,10044,1789,1789,78,78,7,37,8140,8140,30,0,0,0,0,0,0,0
all,5563,"As a precinct in the FIRST cumulative report, along with regular precincts",,39444,100,>98% reported,edison,>98%,21015,2020-11-06T21:25:37Z,R+36,Trump +36,35.71759,republican,Boone,63,,,60,39444,6,66953,20897,35657,981,1393,93,400,44811,68947,171,0,14760,412,53,24136,83,0
some,674,Merged into voters' home precincts and released with cumulative results,,0,100,>98% reported,edison,>98%,21017,2020-11-06T21:19:37Z,R+30,Trump +30,30.01141,republican,Bourbon,16,,,14,9590,4,9643,3296,3296,106,106,20,51,6190,6190,31,0,0,0,0,0,0,0
all,1979,Merged into voters' home precincts and released with cumulative results,,0,98,98% reported,edison,98%,21019,2020-11-06T18:25:36Z,R+33,Trump +33,33.17235,republican,Boyd,48,,,42,22281,4,21741,7083,7083,287,287,21,76,14295,14295,55,0,0,0,0,0,0,0
some,1078,Merged into voters' home precincts and released with cumulative results,,10585,100,>98% reported,edison,>98%,21021,2020-11-06T21:38:35Z,R+25,Trump +25,24.7045,republican,Boyle,25,,,23,14103,4,14467,5298,9526,210,332,24,137,8872,15057,63,0,4228,122,16,6185,34,0
some,493,"As a precinct in the FIRST cumulative report, along with regular precincts",,1976,100,>98% reported,edison,>98%,21023,2020-11-04T10:44:03Z,R+61,Trump +61,61.21583,republican,Bracken,8,,,8,4244,6,4244,799,1332,27,38,8,28,3397,4820,11,4,533,11,5,1423,4,0
some,454,Released as a separate subtotal as first report of the night,,1451,100,>98% reported,edison,>98%,21025,2020-11-04T10:44:04Z,R+52,Trump +52,52.30281,republican,Breathitt,21,,,17,5667,6,5667,1301,1989,52,81,12,61,4265,4978,31,15,688,29,3,713,15,3
unknown,874,None,,7209,100,>98% reported,edison,>98%,21027,2020-11-04T10:44:05Z,R+52,Trump +52,52.47204,republican,Breckinridge,16,,,15,9511,4,10194,2350,4327,102,155,19,74,7699,12847,24,0,1977,53,15,5148,16,0
unknown,1784,Released as a precinct as first report of the night,,0,100,>98% reported,edison,>98%,21029,2020-11-06T23:59:36Z,R+48,Trump +48,48.03403,republican,Bullitt,47,,,45,39096,2,41964,10551,10551,563,563,55,142,30708,30708,87,0,0,0,0,0,0,0
unknown,483,Merged into voters' home precincts and released with cumulative results,,1017,100,>98% reported,edison,>98%,21031,2020-11-04T10:44:07Z,R+63,Trump +63,63.37959,republican,Butler,12,,,11,6044,4,6125,1078,1549,63,75,12,25,4960,5485,8,12,471,12,3,525,2,4
all,518,None,,0,99,>98% reported,edison,>98%,21033,2020-11-04T10:44:07Z,R+54,Trump +54,53.96209,republican,Caldwell,13,,,12,6477,4,6436,1432,1432,58,58,8,30,4905,4905,22,22,0,0,0,0,0,0
none,1198,Merged into voters' home precincts and released with cumulative results,,0,100,>98% reported,edison,>98%,21035,2020-11-06T22:25:36Z,R+32,Trump +32,31.8398,republican,Calloway,23,,,21,17462,6,17453,5794,5794,227,227,27,71,11351,11351,44,20,0,0,0,0,0,0
all,3285,Released as a precinct as first report of the night,,0,95,95% reported,edison,95%,21037,2020-11-06T20:45:38Z,R+19,Trump +19,18.65337,republican,Campbell,67,,,64,51437,4,48833,19373,19373,763,763,82,215,28482,28482,133,0,0,0,0,0,0,0
unknown,274,Released as a precinct as first report of the night,,0,94,94% reported,edison,94%,21039,2020-11-04T10:44:08Z,R+64,Trump +64,64.29113,republican,Carlisle,6,,,5,2819,2,2638,463,463,15,15,0,1,2159,2159,1,0,0,0,0,0,0,0
unknown,261,Merged into voters' home precincts and released with cumulative results,,1271,100,>98% reported,edison,>98%,21041,2020-11-07T14:57:40Z,R+40,Trump +40,39.60208,republican,Carroll,11,,,11,4179,2,8444,2146,2900,40,50,10,20,5490,5991,4,1508,754,10,2,501,4,0
all,899,Released as a separate subtotal as first report of the night,,0,100,>98% reported,edison,>98%,21043,2020-11-06T21:37:35Z,R+53,Trump +53,52.93915,republican,Carter,26,,,24,11140,4,11585,2642,2642,107,107,16,61,8775,8775,45,0,0,0,0,0,0,0
none,677,Released as a precinct as first report of the night,,0,99,>98% reported,edison,>98%,21045,2020-11-04T10:43:26Z,R+72,Trump +72,72.18232,republican,Casey,15,,,14,7295,6,7240,960,960,61,61,9,24,6186,6186,15,18,0,0,0,0,0,0
unknown,1462,Released as a precinct as first report of the night,,0,99,>98% reported,edison,>98%,21047,2020-11-06T21:37:36Z,R+28,Trump +28,28.42895,republican,Christian,41,,,37,24055,2,23863,8296,8296,348,348,44,139,15080,15080,95,0,0,0,0,0,0,0
unknown,1064,Released as a precinct as first report of the night,,0,100,>98% reported,edison,>98%,21049,2020-11-04T10:43:27Z,R+34,Trump +34,33.59163,republican,Clark,26,,,26,17652,2,26584,8665,8665,226,226,34,87,17595,17595,53,22,0,0,0,0,0,0
unknown,659,Merged into voters' home precincts and released with cumulative results,,0,82,82% reported,edison,82%,21051,2020-11-04T10:43:28Z,R+86,Trump +86,85.76485,republican,Clay,20,,,16,7898,2,6498,430,430,28,28,15,37,6003,6003,22,0,0,0,0,0,0,0
unknown,808,Other,,0,100,>98% reported,edison,>98%,21053,2020-11-04T10:43:28Z,R+75,Trump +75,74.55393,republican,Clinton,13,,,12,4837,2,4932,603,603,30,30,9,19,4280,4280,10,0,0,0,0,0,0,0
all,362,Released as a precinct as first report of the night,,3458,100,>98% reported,edison,>98%,21055,2020-11-06T21:47:36Z,R+64,Trump +64,64.1207,republican,Crittenden,12,,,10,4239,6,4242,731,1373,47,74,6,22,3451,6231,7,0,642,27,5,2780,4,0
unknown,507,Merged into voters' home precincts and released with cumulative results,,0,100,>98% reported,edison,>98%,21057,2020-11-04T10:43:29Z,R+68,Trump +68,68.3288,republican,Cumberland,10,,,9,3323,4,3309,508,508,21,21,4,11,2769,2769,7,0,0,0,0,0,0,0
unknown,3053,Released as a separate subtotal as first report of the night,,0,99,>98% reported,edison,>98%,21059,2020-11-06T19:48:37Z,R+28,Trump +28,27.90414,republican,Daviess,57,,,50,49898,4,49240,17283,17283,670,670,96,264,31023,31023,168,0,0,0,0,0,0,0
unknown,496,Merged into voters' home precincts and released with cumulative results,,0,100,>98% reported,edison,>98%,21061,2020-11-06T17:33:36Z,R+59,Trump +59,58.7343,republican,Edmonson,8,,,7,5684,4,6131,1227,1227,60,60,6,16,4828,4828,10,0,0,0,0,0,0,0
some,344,None,,594,97,97% reported,edison,97%,21063,2020-11-06T20:58:36Z,R+51,Trump +51,51.2187,republican,Elliott,7,,,6,3095,4,2995,712,1025,18,21,10,25,2246,2518,9,0,313,3,3,272,3,0
some,485,Merged into voters' home precincts and released with cumulative results,,0,100,>98% reported,edison,>98%,21065,2020-11-06T19:41:38Z,R+57,Trump +57,57.263,republican,Estill,15,,,15,6010,4,6540,1355,1355,64,64,3,19,5100,5100,16,4,0,0,0,0,0,0
some,8515,Released as a precinct as first report of the night,,83354,93,93% reported,edison,93%,21067,2020-11-06T17:37:36Z,D+21,Biden +21,20.77831,democrat,Fayette,286,,,264,164941,4,152664,90566,151826,2382,3471,309,1254,58845,79467,562,0,61260,1089,166,20622,217,0
all,496,None,,0,100,>98% reported,edison,>98%,21069,2020-11-06T21:17:40Z,R+57,Trump +57,57.45825,republican,Fleming,18,,,17,7002,6,7066,1474,1474,37,37,5,21,5534,5534,16,0,0,0,0,0,0,0
all,981,Released as a precinct as first report of the night,,3907,100,>98% reported,edison,>98%,21071,2020-11-04T10:43:35Z,R+51,Trump +51,51.01032,republican,Floyd,42,,,34,16381,6,16381,3855,6023,108,146,37,216,12211,13870,148,55,2168,38,10,1659,21,11
some,1779,Other,,0,90,90% reported,edison,90%,21073,2020-11-06T15:46:36Z,R+0.96,Trump +0.96,0.95936,republican,Franklin,44,,,40,28877,4,26059,12650,12650,365,365,55,144,12900,12900,89,0,0,0,0,0,0,0
unknown,237,Released as a separate subtotal as first report of the night,,383,91,91% reported,edison,91%,21075,2020-11-04T10:43:36Z,R+34,Trump +34,33.62247,republican,Fulton,11,,,9,2653,4,2421,791,1013,18,21,5,7,1605,1763,2,0,222,3,0,158,0,0
all,299,Merged into voters' home precincts and released with cumulative results,,0,100,>98% reported,edison,>98%,21077,2020-11-06T19:58:37Z,R+55,Trump +55,55.41699,republican,Gallatin,8,,,8,3618,4,3849,822,822,58,58,11,14,2955,2955,3,0,0,0,0,0,0,0
unknown,571,Other,,0,100,>98% reported,edison,>98%,21079,2020-11-06T20:15:37Z,R+57,Trump +57,56.57819,republican,Garrard,14,,,13,8304,2,8703,1830,1830,86,86,8,33,6754,6754,25,0,0,0,0,0,0,0
unknown,739,"As a precinct in the FIRST cumulative report, along with regular precincts",,0,100,>98% reported,edison,>98%,21081,2020-11-06T18:11:37Z,R+59,Trump +59,58.70701,republican,Grant,22,,,21,10361,2,11106,2205,2205,139,139,17,37,8725,8725,20,0,0,0,0,0,0,0
all,998,"As a precinct in the FIRST cumulative report, along with regular precincts",,0,100,>98% reported,edison,>98%,21083,2020-11-06T20:33:36Z,R+57,Trump +57,56.68704,republican,Graves,30,,,25,16920,6,17018,3559,3559,187,187,30,66,13206,13206,36,0,0,0,0,0,0,0
unknown,773,Released as a separate subtotal as first report of the night,,3467,100,>98% reported,edison,>98%,21085,2020-11-06T20:46:36Z,R+59,Trump +59,58.8044,republican,Grayson,22,,,21,11464,2,11994,2400,3866,85,106,12,59,9453,11411,33,30,1466,21,3,1958,11,8
all,848,Released as a precinct as first report of the night,,0,100,>98% reported,edison,>98%,21087,2020-11-06T22:09:36Z,R+67,Trump +67,67.41225,republican,Green,10,,,9,5781,4,5812,920,920,29,29,7,25,4838,4838,18,0,0,0,0,0,0,0
some,1344,Released as a precinct as first report of the night,,13103,100,>98% reported,edison,>98%,21089,2020-11-06T21:29:35Z,R+45,Trump +45,45.06492,republican,Greenup,29,,,27,17731,4,18176,4873,8949,178,280,33,98,13064,21952,28,0,4076,102,24,8888,13,0
unknown,474,Released as a separate subtotal as first report of the night,,0,99,>98% reported,edison,>98%,21091,2020-11-06T18:52:36Z,R+39,Trump +39,39.11053,republican,Hancock,10,,,9,4656,2,4587,1351,1351,67,67,10,24,3145,3145,14,0,0,0,0,0,0,0
unknown,2776,Released as a separate subtotal as first report of the night,,0,98,98% reported,edison,98%,21093,2020-11-06T20:18:36Z,R+24,Trump +24,23.96968,republican,Hardin,59,,,55,50000,2,48941,18101,18101,753,753,104,255,29832,29832,151,0,0,0,0,0,0,0
unknown,586,None,,0,94,94% reported,edison,94%,21095,2020-11-06T21:15:37Z,R+72,Trump +72,71.76192,republican,Harlan,32,,,27,11660,4,10971,1494,1494,81,81,13,29,9367,9367,16,0,0,0,0,0,0,0
some,542,Merged into voters' home precincts and released with cumulative results,,0,100,>98% reported,edison,>98%,21097,2020-11-06T21:16:36Z,R+44,Trump +44,44.43691,republican,Harrison,19,,,18,8434,2,8853,2400,2400,85,85,20,34,6334,6334,14,0,0,0,0,0,0,0
unknown,614,Other,,0,100,>98% reported,edison,>98%,21099,2020-11-06T15:50:38Z,R+53,Trump +53,53.01709,republican,Hart,19,,,18,7873,2,8369,1908,1908,76,76,18,40,6345,6345,22,0,0,0,0,0,0,0
unknown,1430,Released as a precinct as first report of the night,,0,96,96% reported,edison,96%,21101,2020-11-06T20:52:35Z,R+25,Trump +25,24.59777,republican,Henderson,45,,,39,21470,4,20697,7639,7639,244,244,25,75,12730,12730,50,18,0,0,0,0,0,0
unknown,421,Merged into voters' home precincts and released with cumulative results,,0,100,>98% reported,edison,>98%,21103,2020-11-06T21:14:36Z,R+46,Trump +46,45.65191,republican,Henry,20,,,19,7749,2,8107,2142,2142,86,86,17,36,5843,5843,19,0,0,0,0,0,0,0
unknown,141,None,,1562,94,94% reported,edison,94%,21105,2020-11-04T10:43:45Z,R+57,Trump +57,57.11687,republican,Hickman,6,,,5,2350,4,2199,458,813,21,32,4,12,1714,2904,2,0,355,11,4,1190,2,0
all,1408,Merged into voters' home precincts and released with cumulative results,,16243,98,98% reported,edison,98%,21107,2020-11-06T21:23:38Z,R+48,Trump +48,47.96393,republican,Hopkins,50,,,44,22052,4,21512,5439,10014,226,367,24,140,15757,27230,63,7,4575,141,19,11473,34,1
all,666,Released as a separate subtotal as first report of the night,,1190,100,>98% reported,edison,>98%,21109,2020-11-04T10:43:46Z,R+79,Trump +79,79.21844,republican,Jackson,14,,,13,6116,6,6116,605,954,33,40,7,27,5450,6279,15,12,349,7,3,829,2,0
unknown,21806,Merged into voters' home precincts and released with cumulative results,,0,90,90% reported,edison,90%,21111,2020-11-06T20:16:36Z,D+20,Biden +20,20.11666,democrat,Jefferson,623,,,562,427250,2,386093,228288,228288,4779,4779,749,2407,150619,150619,1658,0,0,0,0,0,0,0
some,1824,Merged into voters' home precincts and released with cumulative results,,0,93,93% reported,edison,93%,21113,2020-11-06T21:03:37Z,R+32,Trump +32,32.49019,republican,Jessamine,36,,,33,28224,4,26251,8567,8567,447,447,49,141,17096,17096,92,0,0,0,0,0,0,0
some,992,Released as a separate subtotal as first report of the night,,2266,98,98% reported,edison,98%,21115,2020-11-04T10:43:48Z,R+67,Trump +67,67.09507,republican,Johnson,31,,,27,10375,4,10193,1607,2500,77,96,25,74,8446,9782,31,14,893,19,9,1336,9,0
some,4501,Released as a precinct as first report of the night,,0,94,94% reported,edison,94%,21117,2020-11-06T20:59:35Z,R+19,Trump +19,19.29596,republican,Kenton,106,,,99,87118,4,82183,32265,32265,1360,1360,135,360,48123,48123,225,150,0,0,0,0,0,0
some,376,Other,,0,100,>98% reported,edison,>98%,21119,2020-11-06T22:17:36Z,R+54,Trump +54,53.86338,republican,Knott,30,,,27,6247,4,6251,1412,1412,28,28,17,32,4779,4779,15,0,0,0,0,0,0,0
unknown,1179,"Released as first report, then NOT included in cumulative results",,2471,100,>98% reported,edison,>98%,21121,2020-11-04T10:43:51Z,R+67,Trump +67,67.01559,republican,Knox,30,,,27,13021,4,13279,2111,3150,107,136,6,50,11010,12388,32,39,1039,29,4,1378,8,13
all,507,None,,4656,100,>98% reported,edison,>98%,21123,2020-11-06T21:45:36Z,R+57,Trump +57,57.26613,republican,LaRue,12,,,11,6901,4,7301,1504,2214,86,141,7,39,5685,9563,19,0,710,55,3,3878,10,0
unknown,2752,Released as a precinct as first report of the night,,0,100,>98% reported,edison,>98%,21125,2020-11-06T21:43:36Z,R+67,Trump +67,66.76869,republican,Laurel,45,,,42,26918,2,28097,4474,4474,282,282,52,107,23234,23234,55,0,0,0,0,0,0,0
unknown,506,None,,0,100,>98% reported,edison,>98%,21127,2020-11-06T20:51:36Z,R+63,Trump +63,63.19195,republican,Lawrence,18,,,17,6549,2,6955,1238,1238,50,50,14,34,5633,5633,20,0,0,0,0,0,0,0
unknown,299,Merged into voters' home precincts and released with cumulative results,,0,92,92% reported,edison,92%,21129,2020-11-04T10:43:52Z,R+64,Trump +64,63.93381,republican,Lee,10,,,8,2891,2,2659,459,459,25,25,11,16,2159,2159,5,0,0,0,0,0,0,0
all,445,Released as a separate subtotal as first report of the night,,779,91,91% reported,edison,91%,21131,2020-11-04T10:43:53Z,R+80,Trump +80,80.43207,republican,Leslie,17,,,15,5281,4,4814,446,628,23,27,9,26,4318,4905,12,13,182,4,3,587,2,1
all,618,Merged into voters' home precincts and released with cumulative results,,5886,92,92% reported,edison,92%,21133,2020-11-06T21:23:37Z,R+59,Trump +59,59.32444,republican,Letcher,30,,,25,9901,4,9148,1799,3234,69,103,13,66,7226,11618,28,26,1435,34,5,4392,20,0
some,400,Merged into voters' home precincts and released with cumulative results,,5877,100,>98% reported,edison,>98%,21135,2020-11-06T20:29:37Z,R+71,Trump +71,70.76322,republican,Lewis,14,,,13,5743,4,5883,823,1644,61,121,7,26,4986,9969,6,0,821,60,7,4983,6,0
some,846,Other,,2438,100,>98% reported,edison,>98%,21137,2020-11-06T18:52:36Z,R+57,Trump +57,57.13369,republican,Lincoln,17,,,16,10364,4,10913,2254,3497,129,176,18,55,8489,9623,23,0,1243,47,8,1134,6,0
unknown,274,Released as a precinct as first report of the night,,0,99,>98% reported,edison,>98%,21139,2020-11-04T10:43:57Z,R+61,Trump +61,61.38317,republican,Livingston,10,,,9,5035,2,5003,939,939,44,44,4,10,4010,4010,6,0,0,0,0,0,0,0
unknown,738,None,,0,100,>98% reported,edison,>98%,21141,2020-11-06T19:19:38Z,R+48,Trump +48,48.38004,republican,Logan,20,,,19,11814,4,12346,3094,3094,145,145,18,40,9067,9067,22,0,0,0,0,0,0,0
some,624,Released as a precinct as first report of the night,,3588,98,98% reported,edison,98%,21143,2020-11-06T21:07:36Z,R+47,Trump +47,47.4929,republican,Lyon,6,,,5,4295,4,4228,1092,2087,25,41,4,22,3100,5666,7,0,995,16,4,2566,7,0
some,2725,Released as a precinct as first report of the night,,0,97,97% reported,edison,97%,21151,2020-11-06T22:05:39Z,R+27,Trump +27,26.81594,republican,Madison,47,,,46,45219,4,43903,15580,15580,726,726,104,244,27353,27353,140,0,0,0,0,0,0,0
all,1374,Merged into voters' home precincts and released with cumulative results,,1527,98,98% reported,edison,98%,21153,2020-11-06T21:30:36Z,R+54,Trump +54,54.37018,republican,Magoffin,14,,,12,5545,4,5446,1213,1998,40,55,9,24,4174,4896,10,0,785,15,2,722,3,0
unknown,666,Released as a separate subtotal as first report of the night,,0,100,>98% reported,edison,>98%,21155,2020-11-06T20:36:36Z,R+38,Trump +38,37.98163,republican,Marion,17,,,15,8792,2,8928,2722,2722,55,55,14,38,6113,6113,24,0,0,0,0,0,0,0
all,1222,Released as a precinct as first report of the night,,0,97,97% reported,edison,97%,21157,2020-11-06T20:53:36Z,R+52,Trump +52,52.39366,republican,Marshall,25,,,22,18190,4,17609,4071,4071,165,165,24,68,13297,13297,44,16,0,0,0,0,0,0
unknown,578,Merged into voters' home precincts AFTER election night,,0,92,92% reported,edison,92%,21159,2020-11-06T15:37:43Z,R+79,Trump +79,78.70229,republican,Martin,14,,,12,4285,2,3930,403,403,17,17,6,14,3496,3496,8,0,0,0,0,0,0,0
unknown,669,Merged into voters' home precincts and released with cumulative results,,1776,100,>98% reported,edison,>98%,21161,2020-11-04T10:44:02Z,R+45,Trump +45,45.11054,republican,Mason,13,,,13,7864,4,12394,3317,4372,128,145,15,53,8908,9600,26,0,1055,17,6,692,6,0
unknown,2509,Released as a precinct as first report of the night,,7815,98,98% reported,edison,98%,21145,2020-11-06T21:42:36Z,R+32,Trump +32,31.68028,republican,McCracken,54,,,47,34103,4,33554,11190,14130,376,476,43,170,21820,26527,92,99,2940,100,13,4707,22,33
some,715,None,,0,100,>98% reported,edison,>98%,21147,2020-11-06T20:43:36Z,R+77,Trump +77,76.75214,republican,McCreary,18,,,17,6261,4,6435,725,725,34,34,4,12,5664,5664,8,0,0,0,0,0,0,0
unknown,374,Merged into voters' home precincts AFTER election night,,0,97,97% reported,edison,97%,21149,2020-11-06T19:32:37Z,R+54,Trump +54,53.51317,republican,McLean,8,,,7,4949,4,4782,1074,1074,56,56,8,19,3633,3633,11,0,0,0,0,0,0,0
unknown,904,Released as a separate subtotal as first report of the night,,0,100,>98% reported,edison,>98%,21163,2020-11-06T21:19:36Z,R+46,Trump +46,46.43515,republican,Meade,19,,,18,13324,2,14110,3632,3632,235,235,26,59,10184,10184,33,0,0,0,0,0,0,0
some,560,None,,2211,100,>98% reported,edison,>98%,21165,2020-11-06T23:20:36Z,R+50,Trump +50,50.32237,republican,Menifee,6,,,6,3013,4,3102,750,1388,24,41,5,28,2311,3856,12,0,638,17,2,1545,9,0
all,813,Merged into voters' home precincts and released with cumulative results,,0,100,>98% reported,edison,>98%,21167,2020-11-06T22:01:36Z,R+47,Trump +47,46.63826,republican,Mercer,17,,,16,11531,4,11735,3033,3033,140,140,16,56,8506,8506,40,0,0,0,0,0,0,0
some,362,Other,,784,100,>98% reported,edison,>98%,21169,2020-11-04T10:44:04Z,R+60,Trump +60,59.51336,republican,Metcalfe,12,,,11,5008,4,5014,973,1355,56,66,10,27,3957,4341,12,15,382,10,2,384,3,3
unknown,517,Merged into voters' home precincts and released with cumulative results,,0,99,>98% reported,edison,>98%,21171,2020-11-06T21:30:35Z,R+75,Trump +75,74.50281,republican,Monroe,12,,,10,5410,2,5330,657,657,30,30,5,15,4628,4628,10,0,0,0,0,0,0,0
all,776,Released as a precinct as first report of the night,,0,100,>98% reported,edison,>98%,21173,2020-11-06T20:41:36Z,R+42,Trump +42,41.77767,republican,Montgomery,18,,,17,12475,4,12837,3630,3630,154,154,19,60,8993,8993,41,0,0,0,0,0,0,0
unknown,523,Merged into voters' home precincts and released with cumulative results,,0,100,>98% reported,edison,>98%,21175,2020-11-04T10:44:06Z,R+56,Trump +56,56.4589,republican,Morgan,12,,,11,5176,2,5535,1172,1172,27,27,18,39,4297,4297,21,0,0,0,0,0,0,0
unknown,1022,Released as a separate subtotal as first report of the night,,0,100,>98% reported,edison,>98%,21177,2020-11-06T21:57:35Z,R+49,Trump +49,48.85797,republican,Muhlenberg,25,,,22,14157,2,14229,3544,3544,138,138,17,51,10496,10496,34,0,0,0,0,0,0,0
some,1342,Merged into voters' home precincts and released with cumulative results,,0,100,>98% reported,edison,>98%,21179,2020-11-06T21:31:36Z,R+37,Trump +37,36.61421,republican,Nelson,24,,,22,22660,4,23256,7188,7188,268,268,41,86,15703,15703,45,22,0,0,0,0,0,0
all,296,Other,,2656,100,>98% reported,edison,>98%,21181,2020-11-04T10:44:08Z,R+43,Trump +43,42.78563,republican,Nicholas,5,,,5,3080,4,3396,954,1838,27,45,3,9,2407,4156,3,6,884,18,2,1749,1,2
unknown,790,None,,0,100,>98% reported,edison,>98%,21183,2020-11-06T22:16:36Z,R+56,Trump +56,55.5226,republican,Ohio,19,,,17,11120,6,11127,2404,2404,99,99,13,42,8582,8582,29,0,0,0,0,0,0,0
some,2488,Released as a precinct as first report of the night,,0,95,95% reported,edison,95%,21185,2020-11-06T20:51:36Z,R+21,Trump +21,21.47564,republican,Oldham,38,,,36,39752,4,37936,14504,14504,601,601,67,180,22651,22651,113,0,0,0,0,0,0,0
unknown,485,Merged into voters' home precincts and released with cumulative results,,0,100,>98% reported,edison,>98%,21187,2020-11-06T20:28:37Z,R+59,Trump +59,58.54106,republican,Owen,12,,,11,5421,2,5456,1098,1098,46,46,10,20,4292,4292,10,0,0,0,0,0,0,0
unknown,350,Released as a precinct as first report of the night,,0,99,>98% reported,edison,>98%,21189,2020-11-06T23:20:37Z,R+77,Trump +77,76.72823,republican,Owsley,8,,,7,1906,2,1895,216,216,6,6,0,3,1670,1670,3,0,0,0,0,0,0,0
some,635,Merged into voters' home precincts and released with cumulative results,,4469,100,>98% reported,edison,>98%,21191,2020-11-06T20:58:36Z,R+61,Trump +61,60.54874,republican,Pendleton,12,,,11,6511,4,6925,1322,2364,56,87,14,54,5515,8889,18,0,1042,31,12,3374,10,0
all,659,Released as a separate subtotal as first report of the night,,0,93,93% reported,edison,93%,21193,2020-11-04T10:43:24Z,R+54,Trump +54,54.38431,republican,Perry,37,,,31,11459,4,10606,2350,2350,98,98,12,40,8118,8118,28,0,0,0,0,0,0,0
all,1274,Released as a precinct as first report of the night,,11223,95,95% reported,edison,95%,21195,2020-11-06T21:56:37Z,R+61,Trump +61,60.77342,republican,Pike,57,,,48,26736,4,25368,4862,6361,154,219,26,102,20279,29909,47,0,1499,65,9,9630,20,0
unknown,602,Merged into voters' home precincts and released with cumulative results,,0,99,>98% reported,edison,>98%,21197,2020-11-04T10:43:25Z,R+50,Trump +50,50.24326,republican,Powell,11,,,10,5373,2,5344,1281,1281,63,63,17,34,3966,3966,17,0,0,0,0,0,0,0
unknown,2258,Merged into voters' home precincts and released with cumulative results,,0,100,>98% reported,edison,>98%,21199,2020-11-06T20:25:36Z,R+63,Trump +63,62.71047,republican,Pulaski,56,,,52,30395,2,31537,5664,5664,323,323,31,109,25441,25441,78,0,0,0,0,0,0,0
none,150,Merged into voters' home precincts and released with cumulative results,,0,100,>98% reported,edison,>98%,21201,2020-11-06T20:57:36Z,R+55,Trump +55,55.06108,republican,Robertson,5,,,5,1098,4,1146,253,253,6,6,1,3,884,884,2,0,0,0,0,0,0,0
some,541,Merged into voters' home precincts and released with cumulative results,,0,100,>98% reported,edison,>98%,21203,2020-11-06T21:04:36Z,R+70,Trump +70,69.92549,republican,Rockcastle,15,,,14,7253,4,7784,1134,1134,56,56,3,16,6577,6577,13,2,0,0,0,0,0,0
unknown,749,Merged into voters' home precincts and released with cumulative results,,0,100,>98% reported,edison,>98%,21205,2020-11-06T21:34:36Z,R+21,Trump +21,21.0181,republican,Rowan,18,,,17,9638,4,10058,3880,3880,137,137,16,47,5994,5994,31,0,0,0,0,0,0,0
unknown,904,Released as a separate subtotal as first report of the night,,0,100,>98% reported,edison,>98%,21207,2020-11-04T10:43:28Z,R+69,Trump +69,69.10169,republican,Russell,16,,,14,8861,2,8939,1329,1329,84,84,9,20,7506,7506,11,0,0,0,0,0,0,0
none,1632,Released as a precinct as first report of the night,,0,100,>98% reported,edison,>98%,21209,2020-11-06T21:51:36Z,R+25,Trump +25,24.87047,republican,Scott,46,,,45,26361,4,28950,10564,10564,480,480,52,142,17764,17764,90,0,0,0,0,0,0,0
unknown,1437,Merged into voters' home precincts and released with cumulative results,,0,100,>98% reported,edison,>98%,21211,2020-11-06T18:34:36Z,R+30,Trump +30,29.64064,republican,Shelby,34,,,32,22418,2,23542,8076,8076,301,301,38,111,15054,15054,73,0,0,0,0,0,0,0
some,538,Released as a precinct as first report of the night,,0,100,>98% reported,edison,>98%,21213,2020-11-06T22:31:36Z,R+37,Trump +37,36.72698,republican,Simpson,13,,,12,8164,4,8732,2681,2681,128,128,18,35,5888,5888,17,0,0,0,0,0,0,0
unknown,654,Merged into voters' home precincts and released with cumulative results,,0,100,>98% reported,edison,>98%,21215,2020-11-06T21:51:37Z,R+54,Trump +54,54.30921,republican,Spencer,14,,,14,10365,2,11429,2530,2530,124,124,17,38,8737,8737,21,0,0,0,0,0,0,0
some,1142,Released as a precinct as first report of the night,,0,100,>98% reported,edison,>98%,21217,2020-11-06T21:28:35Z,R+51,Trump +51,51.27898,republican,Taylor,20,,,18,12316,4,12510,2961,2961,119,119,19,54,9376,9376,35,0,0,0,0,0,0,0
unknown,282,Released as a separate subtotal as first report of the night,,0,100,>98% reported,edison,>98%,21219,2020-11-04T10:43:30Z,R+53,Trump +53,53.41058,republican,Todd,13,,,12,5181,2,5351,1202,1202,58,58,12,31,4060,4060,19,0,0,0,0,0,0,0
some,707,Merged into voters' home precincts and released with cumulative results,,6239,100,>98% reported,edison,>98%,21221,2020-11-06T22:24:39Z,R+50,Trump +50,50.11525,republican,Trigg,15,,,14,7354,4,7375,1791,3405,75,126,14,36,5487,10047,8,0,1614,51,9,4560,5,0
some,312,None,,682,100,>98% reported,edison,>98%,21223,2020-11-06T21:03:36Z,R+51,Trump +51,51.28502,republican,Trimble,12,,,11,4117,4,4319,1012,1387,60,71,10,25,3227,3518,10,0,375,11,3,291,2,0
unknown,426,Merged into voters' home precincts and released with cumulative results,,0,98,98% reported,edison,98%,21225,2020-11-06T22:24:40Z,R+52,Trump +52,52.25061,republican,Union,16,,,14,6732,2,6576,1529,1529,67,67,6,15,4965,4965,9,0,0,0,0,0,0,0
all,3734,Other,,45143,100,>98% reported,edison,>98%,21227,2020-11-06T20:45:38Z,R+17,Trump +17,16.82535,republican,Warren,121,,,114,54079,6,55351,22477,41407,823,1387,77,438,31790,57262,184,0,18930,564,59,25472,118,0
all,418,None,,0,100,>98% reported,edison,>98%,21229,2020-11-06T22:11:37Z,R+46,Trump +46,45.60501,republican,Washington,14,,,13,6140,4,6223,1644,1644,72,72,14,25,4482,4482,11,0,0,0,0,0,0,0
unknown,1027,Other,,0,100,>98% reported,edison,>98%,21231,2020-11-06T16:38:36Z,R+62,Trump +62,62.01299,republican,Wayne,19,,,18,8663,2,9240,1700,1700,69,69,12,41,7430,7430,29,0,0,0,0,0,0,0
unknown,325,Released as a precinct as first report of the night,,0,95,95% reported,edison,95%,21233,2020-11-06T16:40:36Z,R+52,Trump +52,51.64413,republican,Webster,14,,,12,6292,2,5991,1412,1412,54,54,3,19,4506,4506,16,0,0,0,0,0,0,0
unknown,1038,Merged into voters' home precincts and released with cumulative results,,0,100,>98% reported,edison,>98%,21235,2020-11-06T21:53:37Z,R+65,Trump +65,65.25705,republican,Whitley,36,,,33,15005,2,15347,2552,2552,177,177,17,51,12567,12567,34,0,0,0,0,0,0,0
all,195,None,,1959,100,>98% reported,edison,>98%,21237,2020-11-04T10:43:37Z,R+42,Trump +42,42.2677,republican,Wolfe,8,,,7,2981,6,2981,837,1519,21,36,13,35,2097,3345,9,9,682,15,8,1248,5,1
all,949,Released separately AFTER election night,,0,100,>98% reported,edison,>98%,21239,2020-11-06T21:50:38Z,R+12,Trump +12,12.04392,republican,Woodford,19,,,18,15187,6,15211,6530,6530,237,237,32,82,8362,8362,50,0,0,0,0,0,0,0
